slug,name,type,political_lean,founded_year,annual_budget_usd,major_funders,fara_registered,fara_countries,external_links,notes,self_description,self_description_source,self_description_checked,governance_structure,governance_source
brookings-institution,Brookings Institution,think-tank,center,1916,120000000,"[""Hutchins Family"", ""Rockefeller Foundation"", ""Bloomberg Philanthropies"", ""Microsoft"", ""Qatar""]",true,"[""Qatar""]","{""propublica"": ""https://projects.propublica.org/nonprofits/organizations/530196577"", ""official"": ""https://www.brookings.edu"", ""wikipedia"": ""https://en.wikipedia.org/wiki/Brookings_Institution""}",Centrist policy think tank. Qatar funding (Brookings Doha Center) is publicly disclosed.,Brookings equips decisionmakers with nonpartisan research and policy strategies to create a more prosperous and secure country and world.,https://www.brookings.edu/about-us/,2026-07-27,,
heritage-foundation,Heritage Foundation,think-tank,right,1973,90000000,"[""Mercer Family Foundation"", ""Bradley Foundation"", ""Sarah Scaife Foundation"", ""DonorsTrust""]",false,[],"{""propublica"": ""https://projects.propublica.org/nonprofits/organizations/237327730"", ""official"": ""https://www.heritage.org"", ""wikipedia"": ""https://en.wikipedia.org/wiki/Heritage_Foundation""}",Conservative think tank. Authored Project 2025 policy framework.,"Heritage’s mission is to formulate and promote conservative public policies based on the principles of free enterprise, limited government, individual freedom, traditional American values, and a strong national defense.",https://www.heritage.org/about-heritage/mission,2026-07-27,,
american-enterprise-institute,American Enterprise Institute,think-tank,right,1938,55000000,"[""Bradley Foundation"", ""Donald Rumsfeld Foundation"", ""ExxonMobil Foundation"", ""DonorsTrust""]",false,[],"{""propublica"": ""https://projects.propublica.org/nonprofits/organizations/530218172"", ""official"": ""https://www.aei.org"", ""wikipedia"": ""https://en.wikipedia.org/wiki/American_Enterprise_Institute""}",Free-market policy research.,"a public policy think tank dedicated to defending human dignity, expanding human potential, and building a freer and safer world",https://www.aei.org/about/,2026-07-27,,
cato-institute,Cato Institute,think-tank,lean-right,1977,40000000,"[""Charles Koch Foundation"", ""Donald and Paula Smith Family Foundation"", ""DonorsTrust""]",false,[],"{""propublica"": ""https://projects.propublica.org/nonprofits/organizations/237432162"", ""official"": ""https://www.cato.org"", ""wikipedia"": ""https://en.wikipedia.org/wiki/Cato_Institute""}",Libertarian think tank. Long-running Koch family backing.,assiduously nonpartisan and independent public policy research organization—or think tank—that creates a presence for and promotes libertarian ideas,https://www.cato.org/about,2026-07-27,,
center-for-american-progress,Center for American Progress,think-tank,left,2003,55000000,"[""Sandler Foundation"", ""Open Society Foundations"", ""Walton Family Foundation""]",false,[],"{""propublica"": ""https://projects.propublica.org/nonprofits/organizations/300126510"", ""official"": ""https://www.americanprogress.org"", ""wikipedia"": ""https://en.wikipedia.org/wiki/Center_for_American_Progress""}",Founded by John Podesta. Closely associated with the Democratic establishment.,"independent, nonpartisan policy institute … As progressives, we believe America should be a land of boundless opportunity",https://www.americanprogress.org/about-us/,2026-07-27,,
manhattan-institute,Manhattan Institute,think-tank,right,1978,18000000,"[""Bradley Foundation"", ""Donors Capital Fund"", ""Sarah Scaife Foundation""]",false,[],"{""propublica"": ""https://projects.propublica.org/nonprofits/organizations/132576209"", ""official"": ""https://manhattan.institute"", ""wikipedia"": ""https://en.wikipedia.org/wiki/Manhattan_Institute_for_Policy_Research""}",,"dedicated to advancing opportunity, individual liberty, and the rule of law in America and its great cities",https://manhattan.institute/about,2026-07-27,,
economic-policy-institute,Economic Policy Institute,think-tank,left,1986,9000000,"[""Ford Foundation"", ""Joyce Foundation"", ""AFL-CIO""]",false,[],"{""propublica"": ""https://projects.propublica.org/nonprofits/organizations/521368060"", ""official"": ""https://www.epi.org"", ""wikipedia"": ""https://en.wikipedia.org/wiki/Economic_Policy_Institute""}",Labor-aligned economic policy research.,"a nonprofit, nonpartisan think tank working for the last 30 years to counter rising inequality, low wages and weak benefits for working people … recognized as national leaders on breakthrough liberal economic policies",https://www.epi.org/about/,2026-07-27,,
roosevelt-institute,Roosevelt Institute,think-tank,left,1987,9000000,"[""Ford Foundation"", ""Open Society Foundations"", ""Hewlett Foundation""]",false,[],"{""propublica"": ""https://projects.propublica.org/nonprofits/organizations/132872041"", ""official"": ""https://rooseveltinstitute.org"", ""wikipedia"": ""https://en.wikipedia.org/wiki/Roosevelt_Institute""}",,"Drawing on the legacy of Franklin and Eleanor Roosevelt, the Roosevelt Institute champions new ideas and new leaders to make our economy and democracy work for the many, not the few.",https://rooseveltinstitute.org/about/,2026-07-27,,
federalist-society,Federalist Society,advocacy,right,1982,32000000,"[""Bradley Foundation"", ""Sarah Scaife Foundation"", ""DonorsTrust"", ""Mercer Family Foundation""]",false,[],"{""propublica"": ""https://projects.propublica.org/nonprofits/organizations/363235550"", ""official"": ""https://fedsoc.org"", ""wikipedia"": ""https://en.wikipedia.org/wiki/Federalist_Society""}",Influential in conservative judicial nominations.,"Founded in 1982, the Federalist Society for Law and Public Policy Studies is a group of conservatives and libertarians dedicated to reforming the current legal order … Beyond our statement of purpose the Federalist Society takes no public policy positions and does not participate in activism of any kind.",https://fedsoc.org/about-us,2026-07-27,,
american-constitution-society,American Constitution Society,advocacy,left,2001,8000000,"[""Open Society Foundations"", ""Wallace Global Fund"", ""Tides Foundation""]",false,[],"{""propublica"": ""https://projects.propublica.org/nonprofits/organizations/043522406"", ""official"": ""https://www.acslaw.org"", ""wikipedia"": ""https://en.wikipedia.org/wiki/American_Constitution_Society""}",Progressive counterpart to the Federalist Society.,the nation's foremost progressive legal organization,https://www.acslaw.org/about-us/,2026-07-27,,
federal-communications-commission,Federal Communications Commission,agency,nonpartisan,1934,390000000,[],false,[],"{""official"": ""https://www.fcc.gov"", ""wikipedia"": ""https://en.wikipedia.org/wiki/Federal_Communications_Commission""}","Independent U.S. agency regulating interstate communications by radio, TV, wire, satellite, and cable.",,,,"Independent regulatory commission. Five commissioners appointed by the President with the advice and consent of the Senate, serving five-year terms. No more than three commissioners may belong to the same political party.",https://www.law.cornell.edu/uscode/text/47/154
federal-trade-commission,Federal Trade Commission,agency,nonpartisan,1914,430000000,[],false,[],"{""official"": ""https://www.ftc.gov"", ""wikipedia"": ""https://en.wikipedia.org/wiki/Federal_Trade_Commission""}",Independent U.S. agency that enforces antitrust law and protects consumers from deceptive practices.,,,,"Independent regulatory commission. Five commissioners appointed by the President with the advice and consent of the Senate, serving seven-year terms. Not more than three commissioners may be members of the same political party.",https://www.law.cornell.edu/uscode/text/15/41
united-states-department-of-justice,United States Department of Justice,agency,nonpartisan,1870,40000000000,[],false,[],"{""official"": ""https://www.justice.gov"", ""wikipedia"": ""https://en.wikipedia.org/wiki/United_States_Department_of_Justice""}",Cabinet-level department responsible for federal law enforcement and prosecuting federal crimes.,,,,Executive department. The Attorney General is appointed by the President with the advice and consent of the Senate and is the head of the Department of Justice.,https://www.law.cornell.edu/uscode/text/28/503
federal-bureau-of-investigation,Federal Bureau of Investigation,agency,nonpartisan,1908,11000000000,[],false,[],"{""official"": ""https://www.fbi.gov"", ""wikipedia"": ""https://en.wikipedia.org/wiki/Federal_Bureau_of_Investigation""}",Domestic intelligence and security service operating within the Department of Justice.,,,,Within the Department of Justice. The Director is appointed by the President with the advice and consent of the Senate and may not serve more than one ten-year term.,https://www.law.cornell.edu/uscode/text/28/532
environmental-protection-agency,Environmental Protection Agency,agency,nonpartisan,1970,10000000000,[],false,[],"{""official"": ""https://www.epa.gov"", ""wikipedia"": ""https://en.wikipedia.org/wiki/United_States_Environmental_Protection_Agency""}",Independent agency tasked with environmental protection and enforcing federal pollution laws.,,,,"Established by Reorganization Plan No. 3 of 1970 rather than by an authorizing statute; transmitted to Congress on July 9, 1970, and the agency began operations on December 2, 1970. Created as a free-standing agency rather than a unit of an existing department. The Administrator and Deputy Administrator are appointed by the President, by and with the advice and consent of the Senate.",https://www.epa.gov/archive/epa/aboutepa/reorganization-plan-no-3-1970.html
food-and-drug-administration,Food and Drug Administration,agency,nonpartisan,1906,7000000000,[],false,[],"{""official"": ""https://www.fda.gov"", ""wikipedia"": ""https://en.wikipedia.org/wiki/Food_and_Drug_Administration""}","HHS agency regulating food, drugs, biologics, medical devices, cosmetics, and tobacco.",,,,Within the Department of Health and Human Services. The Commissioner of Food and Drugs is appointed by the President with the advice and consent of the Senate.,https://www.law.cornell.edu/uscode/text/21/393
centers-for-disease-control-and-prevention,Centers for Disease Control and Prevention,agency,nonpartisan,1946,9000000000,[],false,[],"{""official"": ""https://www.cdc.gov"", ""wikipedia"": ""https://en.wikipedia.org/wiki/Centers_for_Disease_Control_and_Prevention""}","HHS public-health agency responsible for disease control, prevention, and outbreak response.",,,,"Within the Department of Health and Human Services. The Director is appointed by the President, by and with the advice and consent of the Senate, and also serves as Administrator of the Agency for Toxic Substances and Disease Registry. The Senate-confirmation requirement was added by Pub. L. 117-328 § 2101(a) (Dec. 29, 2022).",https://www.law.cornell.edu/uscode/text/42/242c
us-securities-and-exchange-commission,U.S. Securities and Exchange Commission,agency,nonpartisan,1934,2400000000,[],false,[],"{""official"": ""https://www.sec.gov"", ""wikipedia"": ""https://en.wikipedia.org/wiki/U.S._Securities_and_Exchange_Commission""}",Independent agency regulating securities markets and enforcing federal securities laws.,,,,"Independent regulatory commission. Five commissioners appointed by the President with the advice and consent of the Senate, serving five-year terms. Not more than three may be members of the same political party, and appointments alternate between parties as nearly as practicable.",https://www.law.cornell.edu/uscode/text/15/78d
internal-revenue-service,Internal Revenue Service,agency,nonpartisan,1862,13000000000,[],false,[],"{""official"": ""https://www.irs.gov"", ""wikipedia"": ""https://en.wikipedia.org/wiki/Internal_Revenue_Service""}",Treasury bureau responsible for collecting federal taxes and administering the Internal Revenue Code.,,,,Within the Department of the Treasury. The Commissioner of Internal Revenue is appointed by the President with the advice and consent of the Senate for a five-year term.,https://www.law.cornell.edu/uscode/text/26/7803
united-states-department-of-defense,United States Department of Defense,agency,nonpartisan,1947,840000000000,[],false,[],"{""official"": ""https://www.defense.gov"", ""wikipedia"": ""https://en.wikipedia.org/wiki/United_States_Department_of_Defense""}",Cabinet-level executive department coordinating national security and the U.S. armed forces.,,,,"Executive department. The Secretary of Defense is appointed by the President with the advice and consent of the Senate. A commissioned officer may not be appointed within seven years of leaving active duty below grade O-7, or within ten years at grade O-7 or above.",https://www.law.cornell.edu/uscode/text/10/113
united-states-department-of-state,United States Department of State,agency,nonpartisan,1789,55000000000,[],false,[],"{""official"": ""https://www.state.gov"", ""wikipedia"": ""https://en.wikipedia.org/wiki/United_States_Department_of_State""}",Cabinet-level department conducting U.S. foreign policy and managing diplomatic relations.,,,,"Executive department, established by acts of Congress in 1789, headed by the Secretary of State.",https://www.law.cornell.edu/uscode/text/22/2651
united-states-department-of-the-treasury,United States Department of the Treasury,agency,nonpartisan,1789,14000000000,[],false,[],"{""official"": ""https://home.treasury.gov"", ""wikipedia"": ""https://en.wikipedia.org/wiki/United_States_Department_of_the_Treasury""}","Cabinet-level department managing federal finances, currency, taxation, and economic policy.",,,,Executive department. The Secretary of the Treasury is appointed by the President with the advice and consent of the Senate.,https://www.law.cornell.edu/uscode/text/31/301
federal-reserve-system,Federal Reserve System,agency,nonpartisan,1913,8000000000,[],false,[],"{""official"": ""https://www.federalreserve.gov"", ""wikipedia"": ""https://en.wikipedia.org/wiki/Federal_Reserve""}",The U.S. central banking system; sets monetary policy via the FOMC and supervises member banks.,,,,"Board of Governors of seven members appointed by the President with the advice and consent of the Senate, serving fourteen-year terms. At least one member must have experience working in or supervising community banks with under $10 billion in assets.",https://www.law.cornell.edu/uscode/text/12/241
consumer-financial-protection-bureau,Consumer Financial Protection Bureau,agency,nonpartisan,2011,700000000,[],false,[],"{""official"": ""https://www.consumerfinance.gov"", ""wikipedia"": ""https://en.wikipedia.org/wiki/Consumer_Financial_Protection_Bureau""}",Independent agency created post-2008 to regulate consumer-facing financial products and services.,,,,"Independent bureau within the Federal Reserve System, headed by a single Director rather than a commission. The Director is appointed by the President with the advice and consent of the Senate for a five-year term.",https://www.law.cornell.edu/uscode/text/12/5491
national-labor-relations-board,National Labor Relations Board,agency,nonpartisan,1935,300000000,[],false,[],"{""official"": ""https://www.nlrb.gov"", ""wikipedia"": ""https://en.wikipedia.org/wiki/National_Labor_Relations_Board""}",Independent agency enforcing the National Labor Relations Act and adjudicating union-employer disputes.,,,,"Independent agency. Five members appointed by the President with the advice and consent of the Senate, serving five-year terms. The statute sets no partisan-balance requirement.",https://www.law.cornell.edu/uscode/text/29/153
