bioguide_id,role_title,role_title_source,verdict
SCOTUS-ROBERTS-J,Chief Justice of the United States,https://www.govinfo.gov/content/pkg/USCODE-2023-title28/html/USCODE-2023-title28-partI-chap1-sec1.htm,OK
SCOTUS-THOMAS-C,Associate Justice,https://www.govinfo.gov/content/pkg/USCODE-2023-title28/html/USCODE-2023-title28-partI-chap1-sec1.htm,OK
SCOTUS-ALITO-S,Associate Justice,https://www.govinfo.gov/content/pkg/USCODE-2023-title28/html/USCODE-2023-title28-partI-chap1-sec1.htm,OK
SCOTUS-SOTOMAYOR-S,Associate Justice,https://www.govinfo.gov/content/pkg/USCODE-2023-title28/html/USCODE-2023-title28-partI-chap1-sec1.htm,OK
SCOTUS-KAGAN-E,Associate Justice,https://www.govinfo.gov/content/pkg/USCODE-2023-title28/html/USCODE-2023-title28-partI-chap1-sec1.htm,OK
SCOTUS-GORSUCH-N,Associate Justice,https://www.govinfo.gov/content/pkg/USCODE-2023-title28/html/USCODE-2023-title28-partI-chap1-sec1.htm,OK
SCOTUS-KAVANAUGH-B,Associate Justice,https://www.govinfo.gov/content/pkg/USCODE-2023-title28/html/USCODE-2023-title28-partI-chap1-sec1.htm,OK
SCOTUS-BARRETT-A,Associate Justice,https://www.govinfo.gov/content/pkg/USCODE-2023-title28/html/USCODE-2023-title28-partI-chap1-sec1.htm,OK
SCOTUS-JACKSON-KB,Associate Justice,https://www.govinfo.gov/content/pkg/USCODE-2023-title28/html/USCODE-2023-title28-partI-chap1-sec1.htm,OK
