bioguide_id,nominee_raw,role_title,role_title_source,confirmation_date,confirmation_vote_url,confirmation_vote_result,nomination_citation
SCOTUS-ROBERTS-J,"John G. Roberts, Jr.",Chief Justice of the United States,https://www.govinfo.gov/content/pkg/USCODE-2023-title28/html/USCODE-2023-title28-partI-chap1-sec1.htm,2005-09-29,https://www.senate.gov/legislative/LIS/roll_call_votes/vote1091/vote_109_1_00245.htm,Confirmed 78-22,PN801
SCOTUS-THOMAS-C,Clarence Thomas,Associate Justice,https://www.govinfo.gov/content/pkg/USCODE-2023-title28/html/USCODE-2023-title28-partI-chap1-sec1.htm,1991-10-15,https://www.senate.gov/legislative/LIS/roll_call_votes/vote1021/vote_102_1_00220.htm,Confirmed 52-48,PN456
SCOTUS-ALITO-S,"Samuel A. Alito, Jr.",Associate Justice,https://www.govinfo.gov/content/pkg/USCODE-2023-title28/html/USCODE-2023-title28-partI-chap1-sec1.htm,2006-01-31,https://www.senate.gov/legislative/LIS/roll_call_votes/vote1092/vote_109_2_00002.htm,Confirmed 58-42,PN1059
SCOTUS-SOTOMAYOR-S,Sonia Sotomayor,Associate Justice,https://www.govinfo.gov/content/pkg/USCODE-2023-title28/html/USCODE-2023-title28-partI-chap1-sec1.htm,2009-08-06,https://www.senate.gov/legislative/LIS/roll_call_votes/vote1111/vote_111_1_00262.htm,Confirmed 68-31,PN506
SCOTUS-KAGAN-E,Elena Kagan,Associate Justice,https://www.govinfo.gov/content/pkg/USCODE-2023-title28/html/USCODE-2023-title28-partI-chap1-sec1.htm,2010-08-05,https://www.senate.gov/legislative/LIS/roll_call_votes/vote1112/vote_111_2_00229.htm,Confirmed 63-37,PN1768
SCOTUS-GORSUCH-N,Neil M. Gorsuch,Associate Justice,https://www.govinfo.gov/content/pkg/USCODE-2023-title28/html/USCODE-2023-title28-partI-chap1-sec1.htm,2017-04-07,https://www.senate.gov/legislative/LIS/roll_call_votes/vote1151/vote_115_1_00111.htm,Confirmed 54-45,PN55
SCOTUS-KAVANAUGH-B,Brett M. Kavanaugh,Associate Justice,https://www.govinfo.gov/content/pkg/USCODE-2023-title28/html/USCODE-2023-title28-partI-chap1-sec1.htm,2018-10-06,https://www.senate.gov/legislative/LIS/roll_call_votes/vote1152/vote_115_2_00223.htm,Confirmed 50-48,PN2259
SCOTUS-BARRETT-A,Amy Coney Barrett,Associate Justice,https://www.govinfo.gov/content/pkg/USCODE-2023-title28/html/USCODE-2023-title28-partI-chap1-sec1.htm,2020-10-26,https://www.senate.gov/legislative/LIS/roll_call_votes/vote1162/vote_116_2_00224.htm,Confirmed 52-48,PN2252
SCOTUS-JACKSON-KB,Ketanji Brown Jackson,Associate Justice,https://www.govinfo.gov/content/pkg/USCODE-2023-title28/html/USCODE-2023-title28-partI-chap1-sec1.htm,2022-04-07,https://www.senate.gov/legislative/LIS/roll_call_votes/vote1172/vote_117_2_00134.htm,Confirmed 53-47,PN1783
